Workbook

Sheet groupe
A1: ETU003113 | B1: HARINAMBININA Ranto Luciano
A2: ETU003122 | B2: MILIARASON Harentsoa Michou
A3: ETU003149 | B3: RAKOTOBE Faniry Ntsoa Eva
A4: ETU003216 | B4: RAZAFINDRALAMBO Izakatsimba Herana

Sheet Liste des tâches
A1: Ligne | B1: Catégorie | C1: Module | D1: Taches | E1: Type | F1: Qui | G1: Estimation | H1: Temps passé | I1: Reste à faire | J1: Avancement | K1: Détails (optionnel)
A2: 1 | B2: API Auth, Module Cartes, Module Web | C2: Setup | D2: Intialiser le depot Git | E2: Infrastructure | F2: ETU003216 | G2: 15 | H2: =Detail_avancement!B2 -> 15 | I2: =G2-H2 -> 0 | J2: =(H2/(H2+I2)) -> 1
A3: 2 | B3: API Auth | C3: Setup | D3: Analyse besoins authentification | E3: Analyse | F3: ETU003122 | G3: 15 | H3: =Detail_avancement!B3 -> 15 | I3: =G3-H3 -> 0 | J3: =(H3/(H3+I3)) -> 1
A4: 3 | B4: API Auth | C4: Setup | D4: Configuration environnement Docker | E4: Infrastructure | F4: ETU003122 | G4: 20 | H4: =Detail_avancement!B4 -> 20 | I4: =G4-H4 -> 0 | J4: =(H4/(H4+I4)) -> 1
A5: 4 | B5: API Auth | C5: Setup | D5: Configuration Firebase projet | E5: Infrastructure | F5: ETU003122 | G5: 15 | H5: =Detail_avancement!B5 -> 15 | I5: =G5-H5 -> 0 | J5: =(H5/(H5+I5)) -> 1
A6: 5 | B6: API Auth | C6: Setup | D6: Configuration Base locale Docker | E6: Infrastructure | F6: ETU003122 | G6: 15 | H6: =Detail_avancement!B6 -> 15 | I6: =G6-H6 -> 0 | J6: =(H6/(H6+I6)) -> 1
A7: 6 | B7: API Auth | C7: Setup | D7: Tests connexion Firebase | E7: Tests | F7: ETU003122 | G7: 10 | H7: =Detail_avancement!B7 -> 10 | I7: =G7-H7 -> 0 | J7: =(H7/(H7+I7)) -> 1
A8: 7 | B8: API Auth | C8: Setup | D8: Tests connexion Base locale | E8: Tests | F8: ETU003122 | G8: 10 | H8: =Detail_avancement!B8 -> 10 | I8: =G8-H8 -> 0 | J8: =(H8/(H8+I8)) -> 1
A9: 8 | B9: API Auth | C9: Inscription | D9: Design endpoint inscription | E9: Backend | F9: ETU003113 | G9: 20 | H9: =Detail_avancement!B9 -> 20 | I9: =G9-H9 -> 0 | J9: =(H9/(H9+I9)) -> 1
A10: 9 | B10: API Auth | C10: Inscription | D10: Validation email | E10: Backend | F10: ETU003113 | G10: 15 | H10: =Detail_avancement!B10 -> 15 | I10: =G10-H10 -> 0 | J10: =(H10/(H10+I10)) -> 1
A11: 10 | B11: API Auth | C11: Inscription | D11: Validation mot de passe | E11: Backend | F11: ETU003113 | G11: 15 | H11: =Detail_avancement!B11 -> 15 | I11: =G11-H11 -> 0 | J11: =(H11/(H11+I11)) -> 1
A12: 11 | B12: API Auth | C12: Inscription | D12: Hashage mot de passe | E12: Backend | F12: ETU003113 | G12: 20 | H12: =Detail_avancement!B12 -> 20 | I12: =G12-H12 -> 0 | J12: =(H12/(H12+I12)) -> 1
A13: 12 | B13: API Auth | C13: Inscription | D13: Création compte Firebase | E13: Backend | F13: ETU003113 | G13: 25 | H13: =Detail_avancement!B13 -> 25 | I13: =G13-H13 -> 0 | J13: =(H13/(H13+I13)) -> 1
... A28: 27 | B28: API Auth | C28: Sécurité | D28: Endpoint réinitialisation blocage | E28: Backend | F28: ETU003216 | G28: 20 | H28: =Detail_avancement!B28 -> 20 | I28: =G28-H28 -> 0 | J28: =(H28/(H28+I28)) -> 1
A29: 28 | B29: API Auth | C29: Sécurité | D29: Log tentatives connexion | E29: Backend | F29: ETU003216 | G29: 15 | H29: 15 | I29: =G29-H29 -> 0 | J29: =(H29/(H29+I29)) -> 1
A30: 29 | B30: API Auth | C30: Modification | D30: Sync data profil to firestore | E30: Backend | F30: ETU003216 | G30: 15 | H30: 15 | I30: =G30-H30 -> 0 | J30: =(H30/(H30+I30)) -> 1
A31: 30 | B31: API Auth | C31: Modification | D31: Endpoint modification profil | E31: Backend | F31: ETU003216 | G31: 20 | H31: 20 | I31: =G31-H31 -> 0 | J31: =(H31/(H31+I31)) -> 1
A32: 34 | B32: API Auth | C32: Documentation | D32: Installation Swagger | E32: Documentation | F32: ETU003122 | G32: 2 | H32: =Detail_avancement!B32 -> 2 | I32: =G32-H32 -> 0 | J32: =(H32/(H32+I32)) -> 1
A33: 35 | B33: API Auth | C33: Documentation | D33: Debug Swagger pour laravel PHP | E33: Documentation | F33: ETU003122 | G33: 40 | H33: =Detail_avancement!B33 -> 40 | I33: 0 | J33: =(H33/(H33+I33)) -> 1
A34: 36 | B34: API Auth | C34: Documentation | D34: Documentation endpoint inscription | E34: Documentation | F34: ETU003122 | G34: 5 | H34: =Detail_avancement!B34 -> 5 | I34: =G34-H34 -> 0 | J34: =(H34/(H34+I34)) -> 1
A35: 37 | B35: API Auth | C35: Documentation | D35: Documentation endpoint login | E35: Documentation | F35: ETU003122 | G35: 5 | H35: =Detail_avancement!B35 -> 5 | I35: =G35-H35 -> 0 | J35: =(H35/(H35+I35)) -> 1
A36: 38 | B36: API Auth | C36: Documentation | D36: Documentation endpoint modification | E36: Documentation | F36: ETU003122 | G36: 5 | H36: =Detail_avancement!B36 -> 5 | I36: =G36-H36 -> 0 | J36: =(H36/(H36+I36)) -> 1
A37: 39 | B37: API Auth | C37: Documentation | D37: Exemples requêtes/réponses | E37: Documentation | F37: ETU003122 | G37: 20 | H37: =Detail_avancement!B37 -> 20 | I37: =G37-H37 -> 0 | J37: =(H37/(H37+I37)) -> 1
A38: 40 | B38: Module Cartes | C38: Setup | D38: Analyse des besoins cartographiques | E38: Analyse | F38: ETU003113 | G38: 20 | H38: =Detail_avancement!B38 -> 20 | I38: =G38-H38 -> 0 | J38: =(H38/(H38+I38)) -> 1
A39: 41 | B39: Module Cartes | C39: Setup | D39: Choix des sources cartographiques offline | E39: Analyse | F39: ETU003113 | G39: 15 | H39: =Detail_avancement!B39 -> 15 | I39: =G39-H39 -> 0 | J39: =(H39/(H39+I39)) -> 1
A40: 42 | B40: Module Cartes | C40: Infrastructure | D40: Installation Docker serveur de cartes offline | E40: Infrastructure | F40: ETU003113 | G40: 20 | H40: =Detail_avancement!B40 -> 25 | I40: =G40-H40 -> -5 | J40: =(H40/(H40+I40)) -> 1.25
A41: 43 | B41: Module Cartes | C41: Infrastructure | D41: Configuration stockage tuiles offline | E41: Infrastructure | F41: ETU003113 | G41: 15 | H41: =Detail_avancement!B41 -> 15 | I41: =G41-H41 -> 0 | J41: =(H41/(H41+I41)) -> 1
A42: 44 | B42: Module Cartes | C42: Infrastructure | D42: Téléchargement données Antananarivo | E42: Infrastructure | F42: ETU003113 | G42: 30 | H42: =Detail_avancement!B42 -> 30 | I42: =G42-H42 -> 0 | J42: =(H42/(H42+I42)) -> 1
A43: 45 | B43: Module Cartes | C43: Infrastructure | D43: Génération des tuiles cartographiques | E43: Infrastructure | F43: ETU003113 | G43: 30 | H43: =Detail_avancement!B43 -> 30 | I43: =G43-H43 -> 0 | J43: =(H43/(H43+I43)) -> 1
A44: 46 | B44: Module Cartes | C44: Infrastructure | D44: Test accès API serveur de cartes | E44: Tests | F44: ETU003113 | G44: 15 | H44: =Detail_avancement!B44 -> 15 | I44: =G44-H44 -> 0 | J44: =(H44/(H44+I44)) -> 1
A45: 47 | B45: Module Cartes | C45: Backend | D45: Création module Cartes Laravel | E45: Développement | F45: ETU003149 | G45: 15 | H45: =Detail_avancement!B45 -> 15 | I45: =G45-H45 -> 0 | J45: =(H45/(H45+I45)) -> 1
... A57: 59 | B57: Module Cartes | C57: Maintenance | D57: Plan mise à jour données cartographiques | E57: Maintenance | F57: ETU003216 | G57: 10 | H57: =Detail_avancement!B57 -> 10 | I57: =G57-H57 -> 0 | J57: =(H57/(H57+I57)) -> 1
A58: 60 | B58: Module Web Backend | C58: Conception | D58: Conception base de données | E58: Analyse | F58: ETU003122 | G58: 60 | H58: =Detail_avancement!B58 -> 60 | I58: =G58-H58 -> 0 | J58: =(H58/(H58+I58)) -> 1 | K58: Modélisation des tables PostgreSQL : users, roles, signalements, entreprises, statuts, historiques, relations géographiques (lat/lng), contraintes et index
A59: 61 | B59: Module Web Backend | C59: Setup | D59: Initialisation module API Laravel | E59: Développement | F59: ETU003113 | G59: 20 | H59: =Detail_avancement!B59 -> 20 | I59: =G59-H59 -> 0 | J59: =(H59/(H59+I59)) -> 1 | K59: Structuration du module backend (Controllers, Services, Repositories, Policies)
A60: 62 | B60: Module Web Backend | C60: Setup | D60: Configuration PostgreSQL Docker | E60: Infrastructure | F60: ETU003149 | G60: 20 | H60: =Detail_avancement!B60 -> 20 | I60: =G60-H60 -> 0 | J60: =(H60/(H60+I60)) -> 1 | K60: Configuration du conteneur PostgreSQL, volumes persistants, variables d’environnement Laravel
A61: 63 | B61: Module Web Backend | C61: Auth | D61: Intégration Sanctum (API only) | E61: Développement | F61: ETU003149 | G61: 20 | H61: =Detail_avancement!B61 -> 20 | I61: =G61-H61 -> 0 | J61: =(H61/(H61+I61)) -> 1 | K61: Utilisation de Sanctum pour sécuriser les routes API selon les rôles (visitor, user, manager)
A62: 64 | B62: Module Web Backend | C62: Auth | D62: Connexion Firebase existante | E62: Développement | F62: ETU003113 | G62: 10 | H62: =Detail_avancement!B62 -> 10 | I62: =G62-H62 -> 0 | J62: =(H62/(H62+I62)) -> 1 | K62: Utilisation des tokens Firebase pour l’authentification déjà implémentée
A63: 65 | B63: Module Web Backend | C63: Roles | D63: Gestion des rôles utilisateurs | E63: Développement | F63: ETU003113 | G63: 20 | H63: =Detail_avancement!B63 -> 20 | I63: =G63-H63 -> 0 | J63: =(H63/(H63+I63)) -> 1 | K63: Implémentation des rôles Visiteur, Utilisateur, Manager via policies et middleware
A64: 66 | B64: Module Web Backend | C64: Roles | D64: Compte Manager par défaut | E64: Développement | F64: ETU003113 | G64: 15 | H64: =Detail_avancement!B64 -> 15 | I64: =G64-H64 -> 0 | J64: =(H64/(H64+I64)) -> 1 | K64: Création automatique d’un compte manager lors du déploiement (seeder)
A65: 67 | B65: Module Web Backend | C65: Signalements | D65: Création entité Signalement | E65: Développement | F65: ETU003216 | G65: 30 | H65: =Detail_avancement!B65 -> 45 | I65: =G65-H65 -> -15 | J65: =(H65/(H65+I65)) -> 1.5 | K65: Modèle Signalement : position GPS, statut, date, surface (m²), budget, entreprise, description
A66: 68 | B66: Module Web Backend | C66: Signalements | D66: API création signalement utilisateur | E66: Développement | F66: ETU003216 | G66: 30 | H66: =Detail_avancement!B66 -> 30 | I66: =G66-H66 -> 0 | J66: =(H66/(H66+I66)) -> 1 | K66: Endpoint REST pour créer un signalement (utilisateur authentifié)
A67: 69 | B67: Module Web Backend | C67: Signalements | D67: Validation métier signalement | E67: Logique Métier | F67: ETU003216 | G67: 20 | H67: =Detail_avancement!B67 -> 35 | I67: =G67-H67 -> -15 | J67: =(H67/(H67+I67)) -> 1.75 | K67: Vérification coordonnées GPS, valeurs surface/budget, statut initial = nouveau
A68: 70 | B68: Module Web Backend | C68: Signalements | D68: Listing géographique des signalements | E68: Logique Métier | F68: ETU003216 | G68: 30 | H68: =Detail_avancement!B68 -> 30 | I68: =G68-H68 -> 0 | J68: =(H68/(H68+I68)) -> 1 | K68: Endpoint retournant tous les points GPS pour affichage Leaflet (GeoJSON ou JSON optimisé)
A69: 71 | B69: Module Web Backend | C69: Signalements | D69: Filtrage des signalements | E69: Logique Métier | F69: ETU003216 | G69: 20 | H69: =Detail_avancement!B69 -> 50 | I69: =G69-H69 -> -30 | J69: =(H69/(H69+I69)) -> 2.5 | K69: Filtrer par statut, date, zone géographique, entreprise
... A72: 74 | B72: Module Web Backend | C72: Signalements | D72: Calcul avancement % | E72: Logique Métier | F72: ETU003216 | G72: 20 | H72: =Detail_avancement!B72 -> 20 | I72: =G72-H72 -> 0 | J72: =(H72/(H72+I72)) -> 1 | K72: Avancement basé sur statuts (nouveau=0, en cours=50, terminé=100)
A73: 75 | B73: Module Web Backend | C73: Managers | D73: Modification statut signalement | E73: Développement | F73: ETU003122 | G73: 20 | H73: 20 | I73: =G73-H73 -> 0 | J73: =(H73/(H73+I73)) -> 1 | K73: Endpoint sécurisé pour modifier le statut d’un signalement (manager uniquement)
A74: 76 | B74: Module Web Backend | C74: Managers | D74: Mise à jour infos signalement | E74: Développement | F74: ETU003122 | G74: 30 | H74: 30 | I74: =G74-H74 -> 0 | J74: =(H74/(H74+I74)) -> 1 | K74: Gestion surface, budget, entreprise associée par manager
A75: 77 | B75: Module Web Backend | C75: Managers | D75: Synchronisation Firebase | E75: Logique Métier | F75: ETU003122 | G75: 30 | H75: 30 | I75: =G75-H75 -> 0 | J75: =(H75/(H75+I75)) -> 1 | K75: Récupération des signalements en ligne depuis Firebase
A76: 78 | B76: Module Web Backend | C76: Managers | D76: Envoi données vers Firebase | E76: Logique Métier | F76: ETU003122 | G76: 40 | H76: 40 | I76: =G76-H76 -> 0 | J76: =(H76/(H76+I76)) -> 1 | K76: Publication des données nécessaires pour affichage mobile (format optimisé)
A77: 79 | B77: Module Web Backend | C77: Managers | D77: Bouton synchronisation API | E77: Développement | F77: ETU003122 | G77: 20 | H77: =Detail_avancement!B77 -> 20 | I77: =G77-H77 -> 0 | J77: =(H77/(H77+I77)) -> 1 | K77: Endpoint déclenchant la synchronisation Firebase manuellement
A78: 80 | B78: Module Web Backend | C78: Managers | D78: Gestion utilisateurs bloqués | E78: Développement | F78: ETU003122 | G78: 30 | H78: 30 | I78: =G78-H78 -> 0 | J78: =(H78/(H78+I78)) -> 1 | K78: Page API pour lister, débloquer ou suspendre des utilisateurs
A79: 81 | B79: Module Web Backend | C79: Managers | D79: Logs actions managers | E79: Sécurité | F79: ETU003122 | G79: 20 | H79: 20 | I79: =G79-H79 -> 0 | J79: =(H79/(H79+I79)) -> 1 | K79: Journalisation des actions critiques (statuts, budgets, synchronisation)
A80: 82 | B80: Module Web Backend | C80: API | D80: Normalisation réponses API | E80: Développement | F80: ETU003216 | G80: 20 | H80: =Detail_avancement!B80 -> 20 | I80: =G80-H80 -> 0 | J80: =(H80/(H80+I80)) -> 1 | K80: Format JSON standard (status, data, errors)
A81: 83 | B81: Module Web Backend | C81: Performance | D81: Index géographiques PostgreSQL | E81: Optimisation | F81: ETU003113 | G81: 20 | H81: =Detail_avancement!B81 -> 20 | I81: =G81-H81 -> 0 | J81: =(H81/(H81+I81)) -> 1 | K81: Index sur latitude/longitude pour requêtes rapides
A82: 84 | B82: Module Web Backend | C82: Test | D82: Tests unitaires signalements | E82: Test | F82: ETU003149 | G82: 30 | H82: =Detail_avancement!B82 -> 30 | I82: =G82-H82 -> 0 | J82: =(H82/(H82+I82)) -> 1 | K82: Tests des règles métier et des calculs statistiques
A83: 85 | B83: Module Web Backend | C83: Test | D83: Tests sécurité API | E83: Test | F83: ETU003149 | G83: 20 | H83: =Detail_avancement!B83 -> 35 | I83: =G83-H83 -> -15 | J83: =(H83/(H83+I83)) -> 1.75 | K83: Vérification accès visiteurs/utilisateurs/managers
A84: 86 | B84: Module Web Backend | C84: Documentation | D84: Documentation API Backend | E84: Documentation | F84: ETU003122 | G84: 30 | H84: =Detail_avancement!B84 -> 30 | I84: =G84-H84 -> 0 | J84: =(H84/(H84+I84)) -> 1 | K84: Endpoints, rôles, flux Firebase, logique métier
A85: 87 | B85: Module Web Backend | C85: Maintenance | D85: Plan évolutivité backend | E85: Maintenance | F85: ETU003122 | G85: 20 | H85: =Detail_avancement!B85 -> 20 | I85: =G85-H85 -> 0 | J85: =(H85/(H85+I85)) -> 1 | K85: Prévoir extension vers notifications, historique détaillé, analytics
A86: 88 | B86: Module Web | C86: Profils | D86: Middleware vérification profil JWT | E86: Backend | F86: ETU003113 | G86: 20 | H86: =Detail_avancement!B86 -> 20 | I86: =G86-H86 -> 0 | J86: =(H86/(H86+I86)) -> 1
A87: 89 | B87: Module Web | C87: Profils | D87: Routes Visiteur Laravel | E87: Backend | F87: ETU003113 | G87: 15 | H87: =Detail_avancement!B87 -> 20 | I87: =G87-H87 -> -5 | J87: =(H87/(H87+I87)) -> 1.3333333
A88: 90 | B88: Module Web | C88: Profils | D88: Routes Utilisateur Laravel | E88: Backend | F88: ETU003113 | G88: 20 | H88: =Detail_avancement!B88 -> 20 | I88: =G88-H88 -> 0 | J88: =(H88/(H88+I88)) -> 1
A89: 91 | B89: Module Web | C89: Profils | D89: Routes Manager Laravel | E89: Backend | F89: ETU003113 | G89: 20 | H89: =Detail_avancement!B89 -> 25 | I89: =G89-H89 -> -5 | J89: =(H89/(H89+I89)) -> 1.25
A90: 92 | B90: Module Web | C90: Carte Visiteur | D90: Composant carte Leaflet React | E90: Frontend | F90: ETU003149 | G90: 30 | H90: =Detail_avancement!B90 -> 40 | I90: =G90-H90 -> -10 | J90: =(H90/(H90+I90)) -> 1.3333333
A91: 93 | B91: Module Web | C91: Carte Visiteur | D91: Service API récupération signalements | E91: Frontend | F91: ETU003149 | G91: 20 | H91: =Detail_avancement!B91 -> 20 | I91: =G91-H91 -> 0 | J91: =(H91/(H91+I91)) -> 1
A92: 94 | B92: Module Web | C92: Carte Visiteur | D92: Chargement markers React | E92: Frontend | F92: ETU003149 | G92: 20 | H92: =Detail_avancement!B92 -> 23 | I92: =G92-H92 -> -3 | J92: =(H92/(H92+I92)) -> 1.15
A93: 95 | B93: Module Web | C93: Carte Visiteur | D93: Popup au survol React | E93: Frontend | F93: ETU003149 | G93: 25 | H93: =Detail_avancement!B93 -> 27 | I93: =G93-H93 -> -2 | J93: =(H93/(H93+I93)) -> 1.08
A94: 96 | B94: Module Web | C94: Carte Visiteur | D94: Affichage date signalement | E94: Frontend | F94: ETU003149 | G94: 10 | H94: =Detail_avancement!B94 -> 11 | I94: =G94-H94 -> -1 | J94: =(H94/(H94+I94)) -> 1.1
A95: 97 | B95: Module Web | C95: Carte Visiteur | D95: Affichage statut | E95: Frontend | F95: ETU003149 | G95: 10 | H95: =Detail_avancement!B95 -> 15 | I95: =G95-H95 -> -5 | J95: =(H95/(H95+I95)) -> 1.5
A96: 98 | B96: Module Web | C96: Carte Visiteur | D96: Affichage surface m2 | E96: Frontend | F96: ETU003149 | G96: 15 | H96: =Detail_avancement!B96 -> 25 | I96: =G96-H96 -> -10 | J96: =(H96/(H96+I96)) -> 1.6666667
A97: 99 | B97: Module Web | C97: Carte Visiteur | D97: Affichage budget | E97: Frontend | F97: ETU003149 | G97: 15 | H97: =Detail_avancement!B97 -> 19 | I97: =G97-H97 -> -4 | J97: =(H97/(H97+I97)) -> 1.2666667
... A141: 143 | B141: Module Mobile | C141: Infrastructure | D141: Creation de la table pour les images | E141: Infrastructure | F141: ETU003113 | G141: 5 | H141: =Detail_avancement!B141 -> 5 | I141: =G141-H141 -> 0 | J141: =(H141/(H141+I141)) -> 1
A142: 144 | B142: Module Mobile | C142: Deploiement | D142: Generation de l'apk du module mobile | E142: Infrastructure | F142: ETU003113 | G142: 5 | H142: 5 | I142: =G142-H142 -> 0 | J142: =(H142/(H142+I142)) -> 1
A143: 145 | B143: Module Web Backend | C143: Backend | D143: Categoriser les types de reparations (1 - 10) | E143: Développement | F143: ETU003216 | G143: 30 | H143: =Detail_avancement!B143 -> 45 | I143: =G143-H143 -> -15 | J143: =(H143/(H143+I143)) -> 1.5
A144: 146 | B144: Module Web Backend | C144: Backend | D144: definition prix par m_2 et calcule automatique du budget | E144: Backend | F144: ETU003216 | G144: 15 | H144: =Detail_avancement!B144 -> 15 | I144: =G144-H144 -> 0 | J144: =(H144/(H144+I144)) -> 1
A145: 147 | B145: Documentation | C145: POSTMAN | D145: Configuration et creation des API postman | E145: Documentation | F145: ETU003216 | G145: 30 | H145: =Detail_avancement!B145 -> 0 | I145: =G145-H145 -> 30 | J145: =(H145/(H145+I145)) -> 0
A146: 148 | B146: Documentation | C146: POSTMAN | D146: Donnée de test postman | E146: Documentation | F146: ETU003216 | G146: 10 | H146: =Detail_avancement!B146 -> 0 | I146: =G146-H146 -> 10 | J146: =(H146/(H146+I146)) -> 0

Sheet Recap
A9: Avancement | B9: =Avancement!D2 -> 1.0907486

Sheet Detail_avancement
A1: {='Liste des tâches'!A:A} -> Ligne | B1: Total | C1: 46048 | D1: 46049 | E1: 46056 | F1: 46058 | G1: 46059 | H1: 46063
A2: 1 | B2: =SUM(C2:AA2) -> 15 | C2: 15
A3: 2 | B3: =SUM(C3:AA3) -> 15 | C3: 15
A4: 3 | B4: =SUM(C4:AA4) -> 20 | C4: 20
A5: 4 | B5: =SUM(C5:AA5) -> 15 | C5: 15
A6: 5 | B6: =SUM(C6:AA6) -> 15 | C6: 15
A7: 6 | B7: =SUM(C7:AA7) -> 10 | C7: 10
A8: 7 | B8: =SUM(C8:AA8) -> 10 | C8: 10
A9: 8 | B9: =SUM(C9:AA9) -> 20 | C9: 20
A10: 9 | B10: =SUM(C10:AA10) -> 15 | C10: 15
A11: 10 | B11: =SUM(C11:AA11) -> 15 | C11: 15
A12: 11 | B12: =SUM(C12:AA12) -> 20 | C12: 20
A13: 12 | B13: =SUM(C13:AA13) -> 25 | C13: 25
... A16: 15 | B16: =SUM(C16:AA16) -> 20 | C16: 20
A17: 16 | B17: =SUM(C17:AA17) -> 20 | C17: 0 | D17: 20
A18: 17 | B18: =SUM(C18:AA18) -> 25 | C18: 0 | D18: 25
A19: 18 | B19: =SUM(C19:AA19) -> 20 | C19: 0 | D19: 20
A20: 19 | B20: =SUM(C20:AA20) -> 25 | C20: 0 | D20: 25
A21: 20 | B21: =SUM(C21:AA21) -> 15 | C21: 0 | D21: 15
A22: 21 | B22: =SUM(C22:AA22) -> 20 | C22: 0 | D22: 20
A23: 22 | B23: =SUM(C23:AA23) -> 25 | C23: 0 | D23: 25
A24: 23 | B24: =SUM(C24:AA24) -> 20 | C24: 0 | D24: 20
A25: 24 | B25: =SUM(C25:AA25) -> 10 | C25: 0 | D25: 10
A26: 25 | B26: =SUM(C26:AA26) -> 5 | C26: 0 | D26: 5
A27: 26 | B27: =SUM(C27:AA27) -> 10 | C27: 0 | D27: 10
A28: 27 | B28: =SUM(C28:AA28) -> 20 | C28: 0 | D28: 20
... A37: 39 | B37: =SUM(C37:AA37) -> 20 | C37: 0 | D37: 20
A38: 40 | B38: =SUM(C38:AA38) -> 20 | C38: 20
A39: 41 | B39: =SUM(C39:AA39) -> 15 | C39: 15
A40: 42 | B40: =SUM(C40:AA40) -> 25 | C40: 25
A41: 43 | B41: =SUM(C41:AA41) -> 15 | C41: 15
A42: 44 | B42: =SUM(C42:AA42) -> 30 | C42: 30
A43: 45 | B43: =SUM(C43:AA43) -> 30 | C43: 30
A44: 46 | B44: =SUM(C44:AA44) -> 15 | C44: 15
A45: 47 | B45: =SUM(C45:AA45) -> 15 | C45: 15
A46: 48 | B46: =SUM(C46:AA46) -> 20 | C46: 20
A47: 49 | B47: =SUM(C47:AA47) -> 25 | C47: 25
A48: 50 | B48: =SUM(C48:AA48) -> 20 | C48: 20
A49: 51 | B49: =SUM(C49:AA49) -> 37 | C49: 37
... A60: 62 | B60: =SUM(C60:AA60) -> 20 | C60: 20
A61: 63 | B61: =SUM(C61:AA61) -> 20 | F61: 20
A62: 64 | B62: =SUM(C62:AA62) -> 10 | E62: 10
A63: 65 | B63: =SUM(C63:AA63) -> 20 | F63: 20
A64: 66 | B64: =SUM(C64:AA64) -> 15 | F64: 10 | H64: 5
A65: 67 | B65: =SUM(C65:AA65) -> 45 | F65: 25 | H65: 20
A66: 68 | B66: =SUM(C66:AA66) -> 30 | E66: 30
A67: 69 | B67: =SUM(C67:AA67) -> 35 | E67: 15 | H67: 20
A68: 70 | B68: =SUM(C68:AA68) -> 30 | F68: 20 | H68: 10
A69: 71 | B69: =SUM(C69:AA69) -> 50 | F69: 30 | G69: 20
A70: 72 | B70: =SUM(C70:AA70) -> 60 | F70: 30 | G70: 30
A71: 73 | B71: =SUM(C71:AA71) -> 10 | D71: 10
A72: 74 | B72: =SUM(C72:AA72) -> 20 | D72: 20
A73: 75 | B73: =SUM(C73:AA73) -> 30 | D73: 10 | H73: 20
A74: 76 | B74: =SUM(C74:AA74) -> 22 | D74: 22
A75: 77 | B75: =SUM(C75:AA75) -> 15 | D75: 15
A76: 78 | B76: =SUM(C76:AA76) -> 0
A77: 79 | B77: =SUM(C77:AA77) -> 20 | E77: 20
A78: 80 | B78: =SUM(C78:AA78) -> 0
A79: 81 | B79: =SUM(C79:AA79) -> 0
A80: 82 | B80: =SUM(C80:AA80) -> 20 | H80: 20
A81: 83 | B81: =SUM(C81:AA81) -> 20 | G81: 20
A82: 84 | B82: =SUM(C82:AA82) -> 30 | G82: 30
A83: 85 | B83: =SUM(C83:AA83) -> 35 | G83: 35
A84: 86 | B84: =SUM(C84:AA84) -> 30 | E84: 30
A85: 87 | B85: =SUM(C85:AA85) -> 20 | E85: 20
A86: 88 | B86: =SUM(C86:AA86) -> 20 | F86: 20
A87: 89 | B87: =SUM(C87:AA87) -> 20 | F87: 20
A88: 90 | B88: =SUM(C88:AA88) -> 20 | F88: 20
A89: 91 | B89: =SUM(C89:AA89) -> 25 | F89: 25
A90: 92 | B90: =SUM(C90:AA90) -> 40 | E90: 40
A91: 93 | B91: =SUM(C91:AA91) -> 20 | D91: 10 | F91: 10
A92: 94 | B92: =SUM(C92:AA92) -> 23 | D92: 23
A93: 95 | B93: =SUM(C93:AA93) -> 27 | D93: 10 | H93: 17
A94: 96 | B94: =SUM(C94:AA94) -> 11 | D94: 11
A95: 97 | B95: =SUM(C95:AA95) -> 15 | D95: 15
A96: 98 | B96: =SUM(C96:AA96) -> 25 | D96: 10 | H96: 15
A97: 99 | B97: =SUM(C97:AA97) -> 19 | D97: 19
A98: 100 | B98: =SUM(C98:AA98) -> 25 | E98: 10 | H98: 15
A99: 101 | B99: =SUM(C99:AA99) -> 20 | D99: 20
A100: 102 | B100: =SUM(C100:AA100) -> 20 | E100: 20
A101: 103 | B101: =SUM(C101:AA101) -> 20 | E101: 20
A102: 104 | B102: =SUM(C102:AA102) -> 20 | D102: 20
A103: 105 | B103: =SUM(C103:AA103) -> 20 | D103: 10 | H103: 10
A104: 106 | B104: =SUM(C104:AA104) -> 20 | D104: 10 | H104: 10
A105: 107 | B105: =SUM(C105:AA105) -> 10 | D105: 10
A106: 108 | B106: =SUM(C106:AA106) -> 30 | F106: 30
A107: 109 | B107: =SUM(C107:AA107) -> 30 | F107: 30
A108: 110 | B108: =SUM(C108:AA108) -> 35 | F108: 35
A109: 111 | B109: =SUM(C109:AA109) -> 20 | D109: 10 | F109: 10
A110: 112 | B110: =SUM(C110:AA110) -> 15 | F110: 15
A111: 113 | B111: =SUM(C111:AA111) -> 20 | F111: 20
A112: 114 | B112: =SUM(C112:AA112) -> 27 | F112: 27
A113: 115 | B113: =SUM(C113:AA113) -> 20 | F113: 20
A114: 116 | B114: =SUM(C114:AA114) -> 40 | C114: 30 | D114: 10
A115: 117 | B115: =SUM(C115:AA115) -> 20 | C115: 20
A116: 118 | B116: =SUM(C116:AA116) -> 10 | C116: 10
A117: 119 | B117: =SUM(C117:AA117) -> 25 | C117: 25
A118: 120 | B118: =SUM(C118:AA118) -> 20 | C118: 20
A119: 121 | B119: =SUM(C119:AA119) -> 23 | C119: 10 | D119: 13
A120: 122 | B120: =SUM(C120:AA120) -> 15 | C120: 15
...

Sheet Avancement
A1: estimation total | B1: temps passé total | C1: reste à faire total | D1: avancement | E1: dépassement
A2: =SUM('Liste des tâches'!G:G) -> 2832 | B2: =SUM('Liste des tâches'!H:H) -> 3089 | C2: =SUM('Liste des tâches'!I:I) -> -257 | D2: =(B2/(B2+C2)) -> 1.0907486 | E2: =((B2+C2)-A2)/A2 -> 0
C3: =C2/60 -> -4.2833333 | D3: heure
